Date;Match ID;League;country;Time;Status;Diff_Prob;OddAsianOverGoals_FT;AsianOverGoals_FT;OddAsianUnderGoals_FT;AsianUnderGoals_FT;corners_home;corners_away;corners_FT;corners_home_HT;corners_away_HT;Corners_HT;attack_FT;dangerous_attack_FT;possession_FT;Home;Home Pos;Home Red Cards;Home Yellow Cards;Odd_H_FT;Goals_H_HT;Goals_H_FT;Score;Odd_D_FT;Away;Away Pos;Away Red Cards;Away Yellow Cards;Odd_A_FT;Goals_A_HT;Goals_A_FT;Handicap;Corners (FT);Corners (HT);Total Goals Line (FT);Total Goals Line (HT);Dangerous Attacks (FT);Dangerous Attacks (HT);half_dangerous_attack_away;half_dangerous_attack_home;half_possession_away;half_possession_home;half_shoot_off_target_away;half_shoot_off_target_home;half_shoot_on_target_away;half_shoot_on_target_home;odds_lose_odds;odds_win_odds;odds_draw_odds;handicap_goal_over_line;handicap_goal_over_odds;handicap_goal_under_odds;handicap_goal_under_line;attack_away;attack_home;dangerous_attack_away;dangerous_attack_home;possession_away;possession_home;shoot_off_target_away;shoot_off_target_home;shoot_on_target_away;shoot_on_target_home;GoalMinutes;goal_minutes_real;goal_periods;is_extra_time;goal_scorers;goal_diff_before_list;goal_diff_after_list;period_result_before_list;period_result_after_list;pct_time_drawing;pct_time_home_winning;pct_time_away_winning;pct_time_drawing_HT;pct_time_home_winning_HT;pct_time_away_winning_HT;api_H_id;api_A_id;api_H_name;api_A_name;odd_yes_abertura;odd_yes_fechamento;category
2026-05-12;194430290;OFC Pro League;International (Oceania);00:00;Schedule;0.5901875468867217;1.8;3.0;2.0;3.0;0.0;0.0;;0.0;0.0;0.0;0.0;0.0;;South Melbourne;;0.0;0.0;1.333;0;0.0;0 - 0;4.75;Bula;;0.0;0.0;6.25;0;0.0;-1.5;0 - 0;0-0;3.0;1.25;-;nan;;;;;;;;;;;;;;;;0.0;0.0;0.0;0.0;;;0.0;0.0;0.0;0.0;;[];[];[];[];[];[];[];[];1.0;0.0;0.0;1.0;0.0;0.0;2944.0;;south melbourne fc;;;;
2026-05-12;194429938;Indonesia Liga 1 U19;Indonesia;04:00;Schedule;-0.0444444444444444;1.9;3.0;1.9;3.0;0.0;0.0;;0.0;0.0;0.0;0.0;0.0;;PSS Sleman U19;;0.0;0.0;2.5;0;0.0;0 - 0;3.75;Persipura Jayapura U19;;0.0;0.0;2.25;0;0.0;0.0;0 - 0;0-0;3.0;1.25;-;nan;;;;;;;;;;;;;;;;0.0;0.0;0.0;0.0;;;0.0;0.0;0.0;0.0;;[];[];[];[];[];[];[];[];1.0;0.0;0.0;1.0;0.0;0.0;;;;;;;Youth
2026-05-12;194420468;Australia Capital Territory U23 League;Australia;04:30;Schedule;-0.6153846153846153;2.0;4.0;1.8;4.0;0.0;0.0;;0.0;0.0;0.0;0.0;0.0;;Canberra White Eagles U23;;0.0;0.0;6.5;0;0.0;0 - 0;5.25;Queanbeyan City U23;;0.0;0.0;1.3;0;0.0;+1.75;0 - 0;0-0;4.0;1.5;-;nan;;;;;;;;;;;;;;;;0.0;0.0;0.0;0.0;;;0.0;0.0;0.0;0.0;;[];[];[];[];[];[];[];[];1.0;0.0;0.0;1.0;0.0;0.0;;;;;;;Youth
2026-05-12;194432263;India Delhi Premier League;India;05:30;Schedule;0.10582010582010581;1.775;2.5, 3.0;2.025;2.5, 3.0;0.0;0.0;;0.0;0.0;0.0;0.0;0.0;;Garhwal FC;;0.0;0.0;2.1;0;0.0;0 - 0;3.7;Noida City FC;;0.0;0.0;2.7;0;0.0;-0.25;0 - 0;0-0;2.75;1.25;-;nan;;;;;;;;;;;;;;;;0.0;0.0;0.0;0.0;;;0.0;0.0;0.0;0.0;;[];[];[];[];[];[];[];[];1.0;0.0;0.0;1.0;0.0;0.0;;;;;;;
2026-05-12;194419563;Australia Darwin Premier League;Australia;05:30;Schedule;-0.05695301376364503;2.0;4.0;1.8;4.0;0.0;0.0;;0.0;0.0;0.0;0.0;0.0;;Port Darwin FC;1.0;0.0;0.0;2.45;0;0.0;0 - 0;4.2;University Azzurri FC;3.0;0.0;0.0;2.15;0;0.0;+0.25;0 - 0;0-0;4.0;1.5;-;nan;;;;;;;;;;;;;;;;0.0;0.0;0.0;0.0;;;0.0;0.0;0.0;0.0;;[];[];[];[];[];[];[];[];1.0;0.0;0.0;1.0;0.0;0.0;;;;;;;
2026-05-12;194417059;Bangladesh Federation Cup;Bangladesh;05:45;Schedule;-0.2777777777777778;1.875;2.0, 2.5;1.925;2.0, 2.5;0.0;0.0;;0.0;0.0;0.0;0.0;0.0;;Brothers Union;;0.0;0.0;3.6;0;0.0;0 - 0;3.5;Mohammedan Dhaka;;0.0;0.0;1.8;0;0.0;+0.5;0 - 0;0-0;2.25;1.0;-;nan;;;;;;;;;;;;;;;;0.0;0.0;0.0;0.0;;;0.0;0.0;0.0;0.0;;[];[];[];[];[];[];[];[];1.0;0.0;0.0;1.0;0.0;0.0;;;;;;;
2026-05-12;194475584;Australia Cup Qualifying;Australia;06:00;Schedule;-0.5331378299120233;1.775;3.0;2.025;3.0;0.0;0.0;;0.0;0.0;0.0;0.0;0.0;;Box Hill United;;0.0;0.0;5.0;0;0.0;0 - 0;5.5;Brunswick Juventus;;0.0;0.0;1.364;0;0.0;+1.5;0 - 0;0-0;3.0;1.25;-;nan;;;;;;;;;;;;;;;;0.0;0.0;0.0;0.0;;;0.0;0.0;0.0;0.0;;[];[];[];[];[];[];[];[];1.0;0.0;0.0;1.0;0.0;0.0;;;;;;;
2026-05-12;194420481;Australia Cup Qualifying;Australia;06:30;Schedule;0.10582010582010581;1.85;3.5;1.95;3.5;0.0;0.0;;0.0;0.0;0.0;0.0;0.0;;Para Hills Knights;;0.0;0.0;2.1;0;0.0;0 - 0;3.75;Adelaide Cobras;;0.0;0.0;2.7;0;0.0;-0.25;0 - 0;0-0;3.5;1.5;-;nan;;;;;;;;;;;;;;;;0.0;0.0;0.0;0.0;;;0.0;0.0;0.0;0.0;;[];[];[];[];[];[];[];[];1.0;0.0;0.0;1.0;0.0;0.0;90886.0;;para hills knights sc;;;;
2026-05-12;194475601;Australia Cup Qualifying;Australia;06:30;Schedule;0.30126101782152737;1.85;3.5;1.95;3.5;0.0;0.0;;0.0;0.0;0.0;0.0;0.0;;Bentleigh Greens;;0.0;0.0;1.727;0;0.0;0 - 0;3.8;Northcote City;;0.0;0.0;3.6;0;0.0;-0.75;0 - 0;0-0;3.5;1.5;-;nan;;;;;;;;;;;;;;;;0.0;0.0;0.0;0.0;;;0.0;0.0;0.0;0.0;;[];[];[];[];[];[];[];[];1.0;0.0;0.0;1.0;0.0;0.0;92921.0;;bentleigh greens;;;;
2026-05-12;194475594;Australia Cup Qualifying;Australia;06:30;Schedule;0.5963413930405679;2.0;3.5, 4.0;1.8;3.5, 4.0;0.0;0.0;;0.0;0.0;0.0;0.0;0.0;;Avondale;;0.0;0.0;1.333;0;0.0;0 - 0;4.75;Brunswick City;;0.0;0.0;6.5;0;0.0;-1.75;0 - 0;0-0;3.75;1.5;-;nan;;;;;;;;;;;;;;;;0.0;0.0;0.0;0.0;;;0.0;0.0;0.0;0.0;;[];[];[];[];[];[];[];[];1.0;0.0;0.0;1.0;0.0;0.0;189013.0;;avondale fc;;;;
2026-05-12;194419436;Australia Capital Territory Premier League;Australia;06:30;Schedule;-0.5597113564105313;1.95;4.0;1.85;4.0;0.0;0.0;;0.0;0.0;0.0;0.0;0.0;;Canberra White Eagles;;0.0;0.0;5.25;0;0.0;0 - 0;5.5;Queanbeyan City;;0.0;0.0;1.333;0;0.0;+1.5;0 - 0;0-0;4.0;1.75;-;nan;;;;;;;;;;;;;;;;0.0;0.0;0.0;0.0;;;0.0;0.0;0.0;0.0;;[];[];[];[];[];[];[];[];1.0;0.0;0.0;1.0;0.0;0.0;;;;;;;
2026-05-12;194475606;Australia Cup Qualifying;Australia;06:45;Schedule;-0.05228758169934633;1.85;3.5;1.95;3.5;0.0;0.0;;0.0;0.0;0.0;0.0;0.0;;North Sunshine Eagles;;0.0;0.0;2.55;0;0.0;0 - 0;3.6;Eltham Redbacks;;0.0;0.0;2.25;0;0.0;0.0;0 - 0;0-0;3.5;1.5;-;nan;;;;;;;;;;;;;;;;0.0;0.0;0.0;0.0;;;0.0;0.0;0.0;0.0;;[];[];[];[];[];[];[];[];1.0;0.0;0.0;1.0;0.0;0.0;;;;;;;
2026-05-12;194419752;Australia NPL Queensland Women;Australia;06:45;Schedule;-0.6624015748031495;1.8;3.0;2.0;3.0;0.0;0.0;;0.0;0.0;0.0;0.0;0.0;;Sunshine Coast Wanderers (W);;0.0;0.0;8.0;0;0.0;0 - 0;5.0;Eastern Suburbs NPL (W);;0.0;0.0;1.27;0;0.0;+1.5;0 - 0;0-0;3.0;1.25;-;nan;;;;;;;;;;;;;;;;0.0;0.0;0.0;0.0;;;0.0;0.0;0.0;0.0;;[];[];[];[];[];[];[];[];1.0;0.0;0.0;1.0;0.0;0.0;;;;;;;Women
2026-05-12;194420484;Australia Cup Qualifying;Australia;07:00;Schedule;-0.5963413930405679;1.85;3.5;1.95;3.5;0.0;0.0;;0.0;0.0;0.0;0.0;0.0;;Cumberland United;;0.0;0.0;6.5;0;0.0;0 - 0;4.75;Adelaide City;;0.0;0.0;1.333;0;0.0;+1.5;0 - 0;0-0;3.5;1.5;-;nan;;;;;;;;;;;;;;;;0.0;0.0;0.0;0.0;;;0.0;0.0;0.0;0.0;;[];[];[];[];[];[];[];[];1.0;0.0;0.0;1.0;0.0;0.0;;90868.0;;adelaide city fc;;;
2026-05-12;194271895;Ukraine Vyscha Liga;Ukraine;07:00;Schedule;-0.21870286576168935;2.0;2.5;1.8;2.5;0.0;0.0;;0.0;0.0;0.0;0.0;0.0;;PFC Oleksandria;;0.0;0.0;3.4;0;0.0;0 - 0;3.2;Zorya;;0.0;0.0;1.95;0;0.0;+0.5;0 - 0;0-0;2.5;1.0;-;nan;;;;;;;;;;;;;;;;0.0;0.0;0.0;0.0;;;0.0;0.0;0.0;0.0;;[];[];[];[];[];[];[];[];1.0;0.0;0.0;1.0;0.0;0.0;25479.0;5987.0;fc oleksandriya;fc zorya luhansk;;;
2026-05-12;194475629;Australia Cup Qualifying;Australia;07:00;Schedule;-0.40706605222734255;1.975;3.5;1.825;3.5;0.0;0.0;;0.0;0.0;0.0;0.0;0.0;;St Albans Saints;;0.0;0.0;4.2;0;0.0;0 - 0;4.333;Oakleigh Cannons;;0.0;0.0;1.55;0;0.0;+1.0;0 - 0;0-0;3.5;1.5;-;nan;;;;;;;;;;;;;;;;0.0;0.0;0.0;0.0;;;0.0;0.0;0.0;0.0;;[];[];[];[];[];[];[];[];1.0;0.0;0.0;1.0;0.0;0.0;163430.0;92931.0;st albans saints dinamo sc;oakleigh cannons;;;
2026-05-12;194421585;Paraguay Reserve League;Paraguay;07:30;Schedule;0.10582010582010581;1.8;2.5, 3.0;2.0;2.5, 3.0;0.0;0.0;;0.0;0.0;0.0;0.0;0.0;;Cerro Porteno Asuncion Reserves;;0.0;0.0;2.1;0;0.0;0 - 0;3.8;Guarani Asuncion Reserves;;0.0;0.0;2.7;0;0.0;-0.25;0 - 0;0-0;2.75;1.25;-;nan;;;;;;;;;;;;;;;;0.0;0.0;0.0;0.0;;;0.0;0.0;0.0;0.0;;[];[];[];[];[];[];[];[];1.0;0.0;0.0;1.0;0.0;0.0;;;;;;;Youth
2026-05-12;194419565;Australia Darwin Premier League;Australia;07:30;Schedule;-0.21222040370976542;1.9;3.5;1.9;3.5;0.0;0.0;;0.0;0.0;0.0;0.0;0.0;;Hellenic AC;7.0;0.0;0.0;3.0;0;0.0;0 - 0;4.2;Darwin Hearts;4.0;0.0;0.0;1.833;0;0.0;+0.5;0 - 0;0-0;3.5;1.5;-;nan;;;;;;;;;;;;;;;;0.0;0.0;0.0;0.0;;;0.0;0.0;0.0;0.0;;[];[];[];[];[];[];[];[];1.0;0.0;0.0;1.0;0.0;0.0;;;;;;;
2026-05-12;193716985;South Korea K League 1;South Korea;07:30;Schedule;0.18207282913165262;1.975;2.0, 2.5;1.825;2.0, 2.5;0.0;0.0;;0.0;0.0;0.0;0.0;0.0;;Gangwon FC;;0.0;0.0;2.1;0;0.0;0 - 0;3.1;Daejeon Hana Citizen;;0.0;0.0;3.4;0;0.0;-0.25;0 - 0;0-0;2.25;1.0;-;nan;;;;;;;;;;;;;;;;0.0;0.0;0.0;0.0;;;0.0;0.0;0.0;0.0;;[];[];[];[];[];[];[];[];1.0;0.0;0.0;1.0;0.0;0.0;34220.0;7645.0;gangwon fc;daejeon citizen fc;;;
2026-05-12;193716987;South Korea K League 1;South Korea;07:30;Schedule;-0.606990622335891;1.9;2.5;1.9;2.5;0.0;0.0;;0.0;0.0;0.0;0.0;0.0;;Gwangju FC;;0.0;0.0;8.5;0;0.0;0 - 0;4.1;FC Seoul;;0.0;0.0;1.38;0;0.0;+1.25;0 - 0;0-0;2.5;1.0;-;nan;;;;;;;;;;;;;;;;0.0;0.0;0.0;0.0;;;0.0;0.0;0.0;0.0;;[];[];[];[];[];[];[];[];1.0;0.0;0.0;1.0;0.0;0.0;48912.0;7646.0;gwangju fc;fc seoul;;;
2026-05-12;193716996;South Korea K League 1;South Korea;07:30;Schedule;0.06033717834960067;2.0;2.0, 2.5;1.8;2.0, 2.5;0.0;0.0;;0.0;0.0;0.0;0.0;0.0;;Incheon Utd;;0.0;0.0;2.45;0;0.0;0 - 0;3.0;Pohang Steelers;;0.0;0.0;2.875;0;0.0;0.0;0 - 0;0-0;2.25;0.75;-;nan;;;;;;;;;;;;;;;;0.0;0.0;0.0;0.0;;;0.0;0.0;0.0;0.0;;[];[];[];[];[];[];[];[];1.0;0.0;0.0;1.0;0.0;0.0;7648.0;7650.0;incheon united fc;fc pohang steelers;;;
2026-05-12;194421596;Paraguay Reserve League;Paraguay;07:30;Schedule;0.25252525252525254;1.9;3.0;1.9;3.0;0.0;0.0;;0.0;0.0;0.0;0.0;0.0;;Sportivo Ameliano Reserves;;0.0;0.0;1.8;0;0.0;0 - 0;3.9;Deportivo Recoleta Reserves;;0.0;0.0;3.3;0;0.0;-0.5;0 - 0;0-0;3.0;1.25;-;nan;;;;;;;;;;;;;;;;0.0;0.0;0.0;0.0;;;0.0;0.0;0.0;0.0;;[];[];[];[];[];[];[];[];1.0;0.0;0.0;1.0;0.0;0.0;;;;;;;Youth
2026-05-12;194420476;Australia NPL Queensland Women;Australia;07:30;Schedule;0.8757419865453107;1.875;3.5;1.925;3.5;0.0;0.0;;0.0;0.0;0.0;0.0;0.0;;Gold Coast Knights (W);;0.0;0.0;1.083;0;0.0;0 - 0;9.5;Gold Coast United (W);;0.0;0.0;21.0;0;0.0;-2.5;0 - 0;0-0;3.5;1.5;-;nan;;;;;;;;;;;;;;;;0.0;0.0;0.0;0.0;;;0.0;0.0;0.0;0.0;;[];[];[];[];[];[];[];[];1.0;0.0;0.0;1.0;0.0;0.0;391734.0;35845.0;gold coast knights;gold coast united fc;;;Women
2026-05-12;194421763;Tanzania Premier League;Tanzania;08:00;Schedule;0.4431818181818182;2.0;2.0, 2.5;1.8;2.0, 2.5;0.0;0.0;;0.0;0.0;0.0;0.0;0.0;;Singida Black Stars;;0.0;0.0;1.6;0;0.0;0 - 0;3.25;Namungo FC;;0.0;0.0;5.5;0;0.0;-0.75;0 - 0;0-0;2.25;0.75;-;nan;;;;;;;;;;;;;;;;0.0;0.0;0.0;0.0;;;0.0;0.0;0.0;0.0;;[];[];[];[];[];[];[];[];1.0;0.0;0.0;1.0;0.0;0.0;;;;;;;
2026-05-12;194418530;Australia WA State League 1 Reserves;Australia;08:00;Schedule;0.5428194993412385;1.825;3.5, 4.0;1.975;3.5, 4.0;0.0;0.0;;0.0;0.0;0.0;0.0;0.0;;Gwelup Croatia SC Reserves;;0.0;0.0;1.38;0;0.0;0 - 0;4.75;Cockburn City Reserves;;0.0;0.0;5.5;0;0.0;-1.5;0 - 0;0-0;3.75;1.5;-;nan;;;;;;;;;;;;;;;;0.0;0.0;0.0;0.0;;;0.0;0.0;0.0;0.0;;[];[];[];[];[];[];[];[];1.0;0.0;0.0;1.0;0.0;0.0;;;;;;;Youth
2026-05-12;194418533;Australia WA State League 1 Reserves;Australia;08:15;Schedule;-0.04844961240310075;1.8;3.5, 4.0;2.0;3.5, 4.0;0.0;0.0;;0.0;0.0;0.0;0.0;0.0;;Murdoch University Melville FC Reserves;;0.0;0.0;2.4;0;0.0;0 - 0;4.333;Joondalup City Reserves;;0.0;0.0;2.15;0;0.0;+0.25;0 - 0;0-0;3.75;1.5;-;nan;;;;;;;;;;;;;;;;0.0;0.0;0.0;0.0;;;0.0;0.0;0.0;0.0;;[];[];[];[];[];[];[];[];1.0;0.0;0.0;1.0;0.0;0.0;;;;;;;Youth
2026-05-12;194419043;Uzbekistan Cup;Uzbekistan;09:00;Schedule;0.0;1.8;2.5, 3.0;2.0;2.5, 3.0;0.0;0.0;;0.0;0.0;0.0;0.0;0.0;;Fardu Ferghana;;0.0;0.0;2.5;0;0.0;0 - 0;3.2;Xorazm FK Urganch;;0.0;0.0;2.5;0;0.0;0.0;0 - 0;0-0;2.75;1.25;-;nan;;;;;;;;;;;;;;;;0.0;0.0;0.0;0.0;;;0.0;0.0;0.0;0.0;;[];[];[];[];[];[];[];[];1.0;0.0;0.0;1.0;0.0;0.0;;;;;;;
2026-05-12;194271897;Ukraine Vyscha Liga;Ukraine;09:30;Schedule;-0.5817805383022776;2.0;2.5;1.8;2.5;0.0;0.0;;0.0;0.0;0.0;0.0;0.0;;Epitsentr Kamianets-Podilskyi;13.0;0.0;0.0;7.0;0;0.0;0 - 0;4.0;Polissya Zhytomyr;3.0;0.0;0.0;1.38;0;0.0;+1.25;0 - 0;0-0;2.5;1.0;-;nan;;;;;;;;;;;;;;;;0.0;0.0;0.0;0.0;;;0.0;0.0;0.0;0.0;;[];[];[];[];[];[];[];[];1.0;0.0;0.0;1.0;0.0;0.0;602316.0;350828.0;fc epitsentr kamianets-podilskyi;fc polissya zhytomyr;;;
2026-05-12;194421772;Uruguay Reserve League;Uruguay;10:00;Schedule;0.0;2.0;2.5;1.8;2.5;0.0;0.0;;0.0;0.0;0.0;0.0;0.0;;Deportivo Maldonado Reserves;;0.0;0.0;2.5;0;0.0;0 - 0;3.25;Racing Club de Montevideo Reserves;;0.0;0.0;2.5;0;0.0;0.0;0 - 0;0-0;2.5;1.0;-;nan;;;;;;;;;;;;;;;;0.0;0.0;0.0;0.0;;;0.0;0.0;0.0;0.0;;[];[];[];[];[];[];[];[];1.0;0.0;0.0;1.0;0.0;0.0;;;;;;;Youth
2026-05-12;194433550;India I-League;India;10:00;Schedule;-0.053830227743271286;1.8;2.5, 3.0;2.0;2.5, 3.0;0.0;0.0;;0.0;0.0;0.0;0.0;0.0;;Namdhari FC;;0.0;0.0;2.625;0;0.0;0 - 0;3.4;Gokulam FC;;0.0;0.0;2.3;0;0.0;0.0;0 - 0;0-0;2.75;1.25;-;nan;;;;;;;;;;;;;;;;0.0;0.0;0.0;0.0;;;0.0;0.0;0.0;0.0;;[];[];[];[];[];[];[];[];1.0;0.0;0.0;1.0;0.0;0.0;1067806.0;393250.0;namdhari fc;gokulam kerala fc;;;
2026-05-12;194419869;Argentina Reserve League;Argentina;10:00;Schedule;0.09961685823754785;2.0;2.0, 2.5;1.8;2.0, 2.5;0.0;0.0;;0.0;0.0;0.0;0.0;0.0;;Deportivo Muniz Reserves;;0.0;0.0;2.25;0;0.0;0 - 0;3.25;Puerto Nuevo Reserves;;0.0;0.0;2.9;0;0.0;-0.25;0 - 0;0-0;2.25;0.75;-;nan;;;;;;;;;;;;;;;;0.0;0.0;0.0;0.0;;;0.0;0.0;0.0;0.0;;[];[];[];[];[];[];[];[];1.0;0.0;0.0;1.0;0.0;0.0;;;;;;;Youth
2026-05-12;194421767;Tanzania Premier League;Tanzania;10:15;Schedule;0.014245014245014231;1.8;2.0;2.0;2.0;0.0;0.0;;0.0;0.0;0.0;0.0;0.0;;TRA United;;0.0;0.0;2.6;0;0.0;0 - 0;2.8;JKT Tanzania;;0.0;0.0;2.7;0;0.0;0.0;0 - 0;0-0;2.0;0.75;-;nan;;;;;;;;;;;;;;;;0.0;0.0;0.0;0.0;;;0.0;0.0;0.0;0.0;;[];[];[];[];[];[];[];[];1.0;0.0;0.0;1.0;0.0;0.0;;;;;;;
2026-05-12;194426897;Egypt Second Division B;Egypt;10:30;Schedule;0.1014492753623189;1.8;2.0;2.0;2.0;0.0;0.0;;0.0;0.0;0.0;0.0;0.0;;Al Nasr Cairo;;0.0;0.0;2.3;0;0.0;0 - 0;2.9;Port Fouad;;0.0;0.0;3.0;0;0.0;-0.25;0 - 0;0-0;2.0;0.75;-;nan;;;;;;;;;;;;;;;;0.0;0.0;0.0;0.0;;;0.0;0.0;0.0;0.0;;[];[];[];[];[];[];[];[];1.0;0.0;0.0;1.0;0.0;0.0;;;;;;;Youth
2026-05-12;194425191;Oman League;Oman;10:50;Schedule;0.07622504537205077;1.8;2.0;2.0;2.0;0.0;0.0;;0.0;0.0;0.0;0.0;0.0;;Sur SC;;0.0;0.0;2.375;0;0.0;0 - 0;2.875;Al Khaburah;;0.0;0.0;2.9;0;0.0;-0.25;0 - 0;0-0;2.0;0.75;-;nan;;;;;;;;;;;;;;;;0.0;0.0;0.0;0.0;;;0.0;0.0;0.0;0.0;;[];[];[];[];[];[];[];[];1.0;0.0;0.0;1.0;0.0;0.0;57439.0;173430.0;sur sc;al-khaboora;;;
2026-05-12;194271614;Uganda Premier League;Uganda;11:00;Schedule;0.658119658119658;2.0;2.0, 2.5;1.8;2.0, 2.5;0.0;0.0;;0.0;0.0;0.0;0.0;0.0;;URA;11.0;0.0;0.0;1.3;0;0.0;0 - 0;4.333;Calvary FC Midigo;16.0;0.0;0.0;9.0;0;0.0;-1.5;0 - 0;0-0;2.25;0.75;-;nan;;;;;;;;;;;;;;;;0.0;0.0;0.0;0.0;;;0.0;0.0;0.0;0.0;;[];[];[];[];[];[];[];[];1.0;0.0;0.0;1.0;0.0;0.0;;;;;;;
2026-05-12;194420207;Finland Cup;Finland;11:00;Schedule;0.9461979913916787;1.8;5.0;2.0;5.0;0.0;0.0;;0.0;0.0;0.0;0.0;0.0;;FC Inter;;0.0;0.0;1.025;0;0.0;0 - 0;17.0;JS Hercules;;0.0;0.0;34.0;0;0.0;-4.25;0 - 0;0-0;5.0;2.25;-;nan;;;;;;;;;;;;;;;;0.0;0.0;0.0;0.0;;;0.0;0.0;0.0;0.0;;[];[];[];[];[];[];[];[];1.0;0.0;0.0;1.0;0.0;0.0;2247.0;200267.0;fc inter turku;js hercules;;;
2026-05-12;194419874;Argentina Reserve League;Argentina;11:00;Schedule;0.3214285714285714;1.95;2.5, 3.0;1.85;2.5, 3.0;0.0;0.0;;0.0;0.0;0.0;0.0;0.0;;Berazategui Reserves;;0.0;0.0;1.75;0;0.0;0 - 0;3.4;General Lamadrid Reserves;;0.0;0.0;4.0;0;0.0;-0.75;0 - 0;0-0;2.75;1.0;-;nan;;;;;;;;;;;;;;;;0.0;0.0;0.0;0.0;;;0.0;0.0;0.0;0.0;;[];[];[];[];[];[];[];[];1.0;0.0;0.0;1.0;0.0;0.0;;;;;;;Youth
2026-05-12;194419384;India Super League;India;11:00;Schedule;0.7799749522114561;1.95;3.0, 3.5;1.85;3.0, 3.5;0.0;0.0;;0.0;0.0;0.0;0.0;0.0;;Mohun Bagan SG;;0.0;0.0;1.167;0;0.0;0 - 0;6.25;Inter Kashi FC;;0.0;0.0;13.0;0;0.0;-2.0;0 - 0;0-0;3.25;1.25;-;nan;;;;;;;;;;;;;;;;0.0;0.0;0.0;0.0;;;0.0;0.0;0.0;0.0;;[];[];[];[];[];[];[];[];1.0;0.0;0.0;1.0;0.0;0.0;759052.0;1061008.0;mohun bagan super giant;inter kashi fc;;;
2026-05-12;194418537;Egypt Division 1;Egypt;11:00;Schedule;0.14685314685314682;1.85;2.0;1.95;2.0;0.0;0.0;;0.0;0.0;0.0;0.0;0.0;;El Gounah;10.0;0.0;0.0;2.2;0;0.0;0 - 0;2.75;Kahraba Ismailia;19.0;0.0;0.0;3.25;0;0.0;-0.25;0 - 0;0-0;2.0;0.75;-;nan;;;;;;;;;;;;;;;;0.0;0.0;0.0;0.0;;;0.0;0.0;0.0;0.0;;[];[];[];[];[];[];[];[];1.0;0.0;0.0;1.0;0.0;0.0;43565.0;510490.0;el gouna fc;kahrabaa ismailia;;;
2026-05-12;194419884;Argentina Reserve League;Argentina;11:00;Schedule;-0.27027027027027023;1.95;2.5, 3.0;1.85;2.5, 3.0;0.0;0.0;;0.0;0.0;0.0;0.0;0.0;;Club Leandro N. Alem Reserves;;0.0;0.0;3.7;0;0.0;0 - 0;3.4;JJ Urquiza Reserves;;0.0;0.0;1.85;0;0.0;+0.5;0 - 0;0-0;2.75;1.0;-;nan;;;;;;;;;;;;;;;;0.0;0.0;0.0;0.0;;;0.0;0.0;0.0;0.0;;[];[];[];[];[];[];[];[];1.0;0.0;0.0;1.0;0.0;0.0;;;;;;;Youth
2026-05-12;194416682;Egypt Division 1;Egypt;11:00;Schedule;-0.13194444444444442;2.05;2.0;1.75;2.0;0.0;0.0;;0.0;0.0;0.0;0.0;0.0;;Pharco FC;20.0;0.0;0.0;3.2;0;0.0;0 - 0;2.75;Modern Sport FC;13.0;0.0;0.0;2.25;0;0.0;+0.25;0 - 0;0-0;2.0;0.75;-;nan;;;;;;;;;;;;;;;;0.0;0.0;0.0;0.0;;;0.0;0.0;0.0;0.0;;[];[];[];[];[];[];[];[];1.0;0.0;0.0;1.0;0.0;0.0;307074.0;375678.0;pharco fc;modern sport fc;;;
2026-05-12;194421770;UAE Reserve League;UAE;11:10;Schedule;0.3123721289326385;2.0;3.5;1.8;3.5;0.0;0.0;;0.0;0.0;0.0;0.0;0.0;;Al Ittihad Kalba U23;;0.0;0.0;1.727;0;0.0;0 - 0;3.75;Al Nasr SC U23;;0.0;0.0;3.75;0;0.0;-0.75;0 - 0;0-0;3.5;1.5;-;nan;;;;;;;;;;;;;;;;0.0;0.0;0.0;0.0;;;0.0;0.0;0.0;0.0;;[];[];[];[];[];[];[];[];1.0;0.0;0.0;1.0;0.0;0.0;55705.0;46332.0;ittihad kalba fc;al-nasr dubai csc;;;Youth
2026-05-12;194418522;UAE Reserve League;UAE;11:10;Schedule;0.21862348178137647;2.0;3.0;1.8;3.0;0.0;0.0;;0.0;0.0;0.0;0.0;0.0;;Al Wasl SC U23;;0.0;0.0;1.9;0;0.0;0 - 0;3.6;Al Jazira SC U23;;0.0;0.0;3.25;0;0.0;-0.5;0 - 0;0-0;3.0;1.25;-;nan;;;;;;;;;;;;;;;;0.0;0.0;0.0;0.0;;;0.0;0.0;0.0;0.0;;[];[];[];[];[];[];[];[];1.0;0.0;0.0;1.0;0.0;0.0;47674.0;8090.0;al wasl fc;al jazira (uae);;;Youth
2026-05-12;193327255;Bulgaria First League;Bulgaria;11:45;Schedule;0.2628205128205129;2.0;2.0, 2.5;1.8;2.0, 2.5;0.0;0.0;;0.0;0.0;0.0;0.0;0.0;;Cherno More Varna;;0.0;0.0;1.95;0;0.0;0 - 0;3.3;Lokomotiv Plovdiv;;0.0;0.0;4.0;0;0.0;-0.5;0 - 0;0-0;2.25;0.75;-;nan;;;;;;;;;;;;;;;;0.0;0.0;0.0;0.0;;;0.0;0.0;0.0;0.0;;[];[];[];[];[];[];[];[];1.0;0.0;0.0;1.0;0.0;0.0;3280.0;3272.0;pfc cherno more varna;pfc lokomotiv plovdiv;;;
2026-05-12;194421037;Jordan Cup;Jordan;12:00;Schedule;0.4027777777777778;1.9;2.5;1.9;2.5;0.0;0.0;;0.0;0.0;0.0;0.0;0.0;;Al Faisaly Amman;;0.0;0.0;1.6;0;0.0;0 - 0;3.8;Ramtha SC;;0.0;0.0;4.5;0;0.0;-0.75;0 - 0;0-0;2.5;1.0;-;nan;;;;;;;;;;;;;;;;0.0;0.0;0.0;0.0;;;0.0;0.0;0.0;0.0;;[];[];[];[];[];[];[];[];1.0;0.0;0.0;1.0;0.0;0.0;47482.0;54595.0;al faisaly (jor);ramtha sc;;;
2026-05-12;194418495;Poland III Liga;Poland;12:00;Schedule;0.3691950464396285;1.9;3.0, 3.5;1.9;3.0, 3.5;0.0;0.0;;0.0;0.0;0.0;0.0;0.0;;Zaglebie Lubin II;;0.0;0.0;1.615;0;0.0;0 - 0;4.1;Carina Gubin;;0.0;0.0;4.0;0;0.0;-0.75;0 - 0;0-0;3.25;1.25;-;nan;;;;;;;;;;;;;;;;0.0;0.0;0.0;0.0;;;0.0;0.0;0.0;0.0;;[];[];[];[];[];[];[];[];1.0;0.0;0.0;1.0;0.0;0.0;3113.0;;zaglebie lubin;;;;Youth
2026-05-12;194271899;Ukraine Vyscha Liga;Ukraine;12:00;Schedule;0.27738264580369837;1.925;2.0, 2.5;1.875;2.0, 2.5;0.0;0.0;;0.0;0.0;0.0;0.0;0.0;;FC Metalist 1925;6.0;0.0;0.0;1.85;0;0.0;0 - 0;3.2;Karpaty Lviv;9.0;0.0;0.0;3.8;0;0.0;-0.5;0 - 0;0-0;2.25;1.0;-;nan;;;;;;;;;;;;;;;;0.0;0.0;0.0;0.0;;;0.0;0.0;0.0;0.0;;[];[];[];[];[];[];[];[];1.0;0.0;0.0;1.0;0.0;0.0;373230.0;3316.0;fc metalist 1925 kharkiv;karpaty lviv;;;
2026-05-12;194271058;Latvia Virsliga;Latvia;12:00;Schedule;0.5579710144927538;1.775;3.0;2.025;3.0;0.0;0.0;;0.0;0.0;0.0;0.0;0.0;;FK Liepaja;6.0;0.0;0.0;1.38;0;0.0;0 - 0;4.5;Ogre United;10.0;0.0;0.0;6.0;0;0.0;-1.25;0 - 0;0-0;3.0;1.25;-;nan;;;;;;;;;;;;;;;;0.0;0.0;0.0;0.0;;;0.0;0.0;0.0;0.0;;[];[];[];[];[];[];[];[];1.0;0.0;0.0;1.0;0.0;0.0;146336.0;1015457.0;fk liepaja;ogre united;;;
2026-05-12;194321940;Czechia 2. Liga;Czech Republic;12:00;Schedule;0.028895768833849256;1.95;3.0;1.85;3.0;0.0;0.0;;0.0;0.0;0.0;0.0;0.0;;MFK Chrudim;;0.0;0.0;2.375;0;0.0;0 - 0;3.4;FK Pribram;;0.0;0.0;2.55;0;0.0;0.0;0 - 0;0-0;3.0;1.25;-;nan;;;;;;;;;;;;;;;;0.0;0.0;0.0;0.0;;;0.0;0.0;0.0;0.0;;[];[];[];[];[];[];[];[];1.0;0.0;0.0;1.0;0.0;0.0;36741.0;2213.0;mfk chrudim;fk pribram;;;
2026-05-12;194426930;Finland Cup;Finland;12:00;Schedule;0.9270557029177718;;;;;0.0;0.0;;0.0;0.0;0.0;0.0;0.0;;SJK;;0.0;0.0;1.04;0;0.0;0 - 0;13.0;PEPO;;0.0;0.0;29.0;0;0.0;-3.5;0 - 0;0-0;;nan;-;nan;;;;;;;;;;;;;;;;0.0;0.0;0.0;0.0;;;0.0;0.0;0.0;0.0;;[];[];[];[];[];[];[];[];1.0;0.0;0.0;1.0;0.0;0.0;22395.0;2275.0;seinajoen jk;pepo lappeenranta;;;
2026-05-12;194419906;Argentina Reserve League;Argentina;12:00;Schedule;0.45614035087719296;2.0;3.0, 3.5;1.8;3.0, 3.5;0.0;0.0;;0.0;0.0;0.0;0.0;0.0;;Centro Espanol Reserves;;0.0;0.0;1.5;0;0.0;0 - 0;4.2;Deportivo Paraguayo Reserves;;0.0;0.0;4.75;0;0.0;-1.0;0 - 0;0-0;3.25;1.25;-;nan;;;;;;;;;;;;;;;;0.0;0.0;0.0;0.0;;;0.0;0.0;0.0;0.0;;[];[];[];[];[];[];[];[];1.0;0.0;0.0;1.0;0.0;0.0;;;;;;;Youth
2026-05-12;194418516;Tunisia League 1;Tunisia;12:00;Schedule;0.1122019635343619;1.8;2.0;2.0;2.0;0.0;0.0;;0.0;0.0;0.0;0.0;0.0;;JS Omrane;7.0;0.0;0.0;2.3;0;0.0;0 - 0;2.8;AS Marsa;11.0;0.0;0.0;3.1;0;0.0;-0.25;0 - 0;0-0;2.0;0.75;-;nan;;;;;;;;;;;;;;;;0.0;0.0;0.0;0.0;;;0.0;0.0;0.0;0.0;;[];[];[];[];[];[];[];[];1.0;0.0;0.0;1.0;0.0;0.0;;;;;;;
2026-05-12;194271901;Ukraine Vyscha Liga;Ukraine;12:00;Schedule;-0.050167224080267636;1.9;2.5, 3.0;1.9;2.5, 3.0;0.0;0.0;;0.0;0.0;0.0;0.0;0.0;;FC Veres Rivne;10.0;0.0;0.0;2.6;0;0.0;0 - 0;3.4;FC Kryvbas Kriviy Rih;5.0;0.0;0.0;2.3;0;0.0;0.0;0 - 0;0-0;2.75;1.25;-;nan;;;;;;;;;;;;;;;;0.0;0.0;0.0;0.0;;;0.0;0.0;0.0;0.0;;[];[];[];[];[];[];[];[];1.0;0.0;0.0;1.0;0.0;0.0;213180.0;3320.0;veres rivne;fc kryvbas kriviy rih;;;
2026-05-12;194416858;Czechia First League;Czech Republic;12:30;Schedule;-0.055161544523246675;1.825;2.5;1.975;2.5;0.0;0.0;;0.0;0.0;0.0;0.0;0.0;;Slovacko;;0.0;0.0;2.7;0;0.0;0 - 0;3.3;Banik Ostrava;;0.0;0.0;2.35;0;0.0;0.0;0 - 0;0-0;2.5;1.0;-;nan;;;;;;;;;;;;;;;;0.0;0.0;0.0;0.0;;;0.0;0.0;0.0;0.0;;[];[];[];[];[];[];[];[];1.0;0.0;0.0;1.0;0.0;0.0;4871.0;2204.0;1. fc slovacko uherske hradiste;fc banik ostrava;;;
2026-05-12;194426835;Croatia 3.NL;Croatia;12:30;Schedule;-0.16666666666666669;1.9;2.5, 3.0;1.9;2.5, 3.0;0.0;0.0;;0.0;0.0;0.0;0.0;0.0;;NK Tomislav Cerna;;0.0;0.0;3.0;0;0.0;0 - 0;3.5;NK Marsonia 1909;;0.0;0.0;2.0;0;0.0;+0.25;0 - 0;0-0;2.75;1.25;-;nan;;;;;;;;;;;;;;;;0.0;0.0;0.0;0.0;;;0.0;0.0;0.0;0.0;;[];[];[];[];[];[];[];[];1.0;0.0;0.0;1.0;0.0;0.0;;;;;;;
2026-05-12;194416866;Czechia First League;Czech Republic;12:30;Schedule;-0.029629629629629672;1.775;2.0;2.025;2.0;0.0;0.0;;0.0;0.0;0.0;0.0;0.0;;FC Zlin;;0.0;0.0;2.7;0;0.0;0 - 0;3.1;FK Teplice;;0.0;0.0;2.5;0;0.0;0.0;0 - 0;0-0;2.0;0.75;-;nan;;;;;;;;;;;;;;;;0.0;0.0;0.0;0.0;;;0.0;0.0;0.0;0.0;;[];[];[];[];[];[];[];[];1.0;0.0;0.0;1.0;0.0;0.0;2220.0;2208.0;fc zlin;fk teplice;;;
2026-05-12;194416862;Czechia First League;Czech Republic;12:30;Schedule;0.19696969696969696;1.8;2.5;2.0;2.5;0.0;0.0;;0.0;0.0;0.0;0.0;0.0;;Mlada Boleslav;;0.0;0.0;2.0;0;0.0;0 - 0;3.4;Dukla Praha;;0.0;0.0;3.3;0;0.0;-0.5;0 - 0;0-0;2.5;1.0;-;nan;;;;;;;;;;;;;;;;0.0;0.0;0.0;0.0;;;0.0;0.0;0.0;0.0;;[];[];[];[];[];[];[];[];1.0;0.0;0.0;1.0;0.0;0.0;2224.0;7739.0;fk mlada boleslav;dukla prague;;;
2026-05-12;194418520;UAE Reserve League;UAE;12:30;Schedule;0.42601092163891596;1.9;3.0;1.9;3.0;0.0;0.0;;0.0;0.0;0.0;0.0;0.0;;Al Wahda Abu Dhabi U23;;0.0;0.0;1.571;0;0.0;0 - 0;3.75;Khor Fakkan U23;;0.0;0.0;4.75;0;0.0;-1.0;0 - 0;0-0;3.0;1.25;-;nan;;;;;;;;;;;;;;;;0.0;0.0;0.0;0.0;;;0.0;0.0;0.0;0.0;;[];[];[];[];[];[];[];[];1.0;0.0;0.0;1.0;0.0;0.0;342882.0;290572.0;al wahda fc (uae);khor fakkan club;;;Youth
2026-05-12;193754164;Greece Super League 1;Greece;13:00;Schedule;0.160427807486631;1.85;2.0, 2.5;1.95;2.0, 2.5;0.0;0.0;;0.0;0.0;0.0;0.0;0.0;;AE Kifisias;;0.0;0.0;2.2;0;0.0;0 - 0;3.0;Atromitos Athinon;;0.0;0.0;3.4;0;0.0;-0.25;0 - 0;0-0;2.25;1.0;-;nan;;;;;;;;;;;;;;;;0.0;0.0;0.0;0.0;;;0.0;0.0;0.0;0.0;;[];[];[];[];[];[];[];[];1.0;0.0;0.0;1.0;0.0;0.0;120224.0;5062.0;ae kifisia fc;atromitos athinon;;;
2026-05-12;194418468;Estonia Cup Women;Estonia;13:00;Schedule;-0.92296918767507;2.0;4.0, 4.5;1.8;4.0, 4.5;0.0;0.0;;0.0;0.0;0.0;0.0;0.0;;FC Elva (W);;0.0;0.0;34.0;0;0.0;0 - 0;12.0;Paide Linnanaiskond (W);;0.0;0.0;1.05;0;0.0;+3.25;0 - 0;0-0;4.25;1.75;-;nan;;;;;;;;;;;;;;;;0.0;0.0;0.0;0.0;;;0.0;0.0;0.0;0.0;;[];[];[];[];[];[];[];[];1.0;0.0;0.0;1.0;0.0;0.0;;;;;;;Women
2026-05-12;194418473;Norway Cup Women;Norway;13:00;Schedule;-0.22804054054054046;1.8;3.0;2.0;3.0;0.0;0.0;;0.0;0.0;0.0;0.0;0.0;;Viking FK (W);;0.0;0.0;3.2;0;0.0;0 - 0;3.9;Haugesund (W);;0.0;0.0;1.85;0;0.0;+0.5;0 - 0;0-0;3.0;1.25;-;nan;;;;;;;;;;;;;;;;0.0;0.0;0.0;0.0;;;0.0;0.0;0.0;0.0;;[];[];[];[];[];[];[];[];1.0;0.0;0.0;1.0;0.0;0.0;1164.0;673.0;viking fk;fk haugesund;;;Women
2026-05-12;193754166;Greece Super League 1;Greece;13:00;Schedule;0.1122019635343619;1.975;2.0, 2.5;1.825;2.0, 2.5;0.0;0.0;;0.0;0.0;0.0;0.0;0.0;;Panetolikos;;0.0;0.0;2.3;0;0.0;0 - 0;3.1;Larissa;;0.0;0.0;3.1;0;0.0;-0.25;0 - 0;0-0;2.25;0.75;-;nan;;;;;;;;;;;;;;;;0.0;0.0;0.0;0.0;;;0.0;0.0;0.0;0.0;;[];[];[];[];[];[];[];[];1.0;0.0;0.0;1.0;0.0;0.0;7004.0;3265.0;panaitolikos agrinio;ae larissa fc;1.95;1.95;
2026-05-12;194425073;Rwanda Cup;Rwanda;13:00;Schedule;0.38823529411764707;1.8;2.0;2.0;2.0;0.0;0.0;;0.0;0.0;0.0;0.0;0.0;;Rayon Sports;;0.0;0.0;1.7;0;0.0;0 - 0;3.1;Gorilla FC;;0.0;0.0;5.0;0;0.0;-0.75;0 - 0;0-0;2.0;0.75;-;nan;;;;;;;;;;;;;;;;0.0;0.0;0.0;0.0;;;0.0;0.0;0.0;0.0;;[];[];[];[];[];[];[];[];1.0;0.0;0.0;1.0;0.0;0.0;;;;;;;
2026-05-12;194271064;Latvia Virsliga;Latvia;13:00;Schedule;0.47567567567567565;1.775;3.0;2.025;3.0;0.0;0.0;;0.0;0.0;0.0;0.0;0.0;;Riga FC;2.0;0.0;0.0;1.48;0;0.0;0 - 0;4.2;FK Auda;3.0;0.0;0.0;5.0;0;0.0;-1.25;0 - 0;0-0;3.0;1.25;-;nan;;;;;;;;;;;;;;;;0.0;0.0;0.0;0.0;;;0.0;0.0;0.0;0.0;;[];[];[];[];[];[];[];[];1.0;0.0;0.0;1.0;0.0;0.0;162368.0;5346.0;riga fc;fk auda riga;;;
2026-05-12;194420215;Finland Cup;Finland;13:00;Schedule;-0.75;1.825;3.0, 3.5;1.975;3.0, 3.5;0.0;0.0;;0.0;0.0;0.0;0.0;0.0;;PK-35;;0.0;0.0;12.0;0;0.0;0 - 0;5.25;KuPS Kuopio;;0.0;0.0;1.2;0;0.0;+1.75;0 - 0;0-0;3.25;1.5;-;nan;;;;;;;;;;;;;;;;0.0;0.0;0.0;0.0;;;0.0;0.0;0.0;0.0;;[];[];[];[];[];[];[];[];1.0;0.0;0.0;1.0;0.0;0.0;50525.0;2244.0;pk-35 helsinki;kuopion palloseura;;;
2026-05-12;194426841;Croatia 3.NL;Croatia;13:00;Schedule;0.0735930735930736;1.8;2.5, 3.0;2.0;2.5, 3.0;0.0;0.0;;0.0;0.0;0.0;0.0;0.0;;NK Lokomotiva Rijeka;;0.0;0.0;2.2;0;0.0;0 - 0;3.6;NK Pazinka;;0.0;0.0;2.625;0;0.0;-0.25;0 - 0;0-0;2.75;1.25;-;nan;;;;;;;;;;;;;;;;0.0;0.0;0.0;0.0;;;0.0;0.0;0.0;0.0;;[];[];[];[];[];[];[];[];1.0;0.0;0.0;1.0;0.0;0.0;;;;;;;
2026-05-12;194421284;Norway Cup Women;Norway;13:00;Schedule;-0.6540682414698162;1.8;3.0, 3.5;2.0;3.0, 3.5;0.0;0.0;;0.0;0.0;0.0;0.0;0.0;;Sarpsborg 08 (W);;0.0;0.0;7.5;0;0.0;0 - 0;5.25;Honefoss (W);;0.0;0.0;1.27;0;0.0;+1.75;0 - 0;0-0;3.25;1.5;-;nan;;;;;;;;;;;;;;;;0.0;0.0;0.0;0.0;;;0.0;0.0;0.0;0.0;;[];[];[];[];[];[];[];[];1.0;0.0;0.0;1.0;0.0;0.0;;678.0;;hoenefoss bk;;;Women
2026-05-12;194426850;Croatia 3.NL;Croatia;13:00;Schedule;0.3123721289326385;1.95;3.0;1.85;3.0;0.0;0.0;;0.0;0.0;0.0;0.0;0.0;;Gaj Mace;;0.0;0.0;1.727;0;0.0;0 - 0;3.7;NK Ponikve;;0.0;0.0;3.75;0;0.0;-0.75;0 - 0;0-0;3.0;1.25;-;nan;;;;;;;;;;;;;;;;0.0;0.0;0.0;0.0;;;0.0;0.0;0.0;0.0;;[];[];[];[];[];[];[];[];1.0;0.0;0.0;1.0;0.0;0.0;;;;;;;
2026-05-12;193754160;Greece Super League 1;Greece;13:00;Schedule;0.3609022556390977;1.925;2.0, 2.5;1.875;2.0, 2.5;0.0;0.0;;0.0;0.0;0.0;0.0;0.0;;Asteras Tripolis;;0.0;0.0;1.75;0;0.0;0 - 0;3.25;Panserraikos;;0.0;0.0;4.75;0;0.0;-0.5;0 - 0;0-0;2.25;1.0;-;nan;;;;;;;;;;;;;;;;0.0;0.0;0.0;0.0;;;0.0;0.0;0.0;0.0;;[];[];[];[];[];[];[];[];1.0;0.0;0.0;1.0;0.0;0.0;6342.0;6347.0;asteras tripolis;panserraikos fc;2.2;2.2;
2026-05-12;193330408;Saudi Arabia Pro League;Saudi Arabia;13:20;Schedule;0.4451612903225806;2.025;3.0;1.775;3.0;0.0;0.0;;0.0;0.0;0.0;0.0;0.0;;Al Kholood;;0.0;0.0;1.55;0;0.0;0 - 0;3.9;Al Akhdoud;;0.0;0.0;5.0;0;0.0;-1.0;0 - 0;0-0;3.0;1.25;-;nan;;;;;;;;;;;;;;;;0.0;0.0;0.0;0.0;;;0.0;0.0;0.0;0.0;;[];[];[];[];[];[];[];[];1.0;0.0;0.0;1.0;0.0;0.0;386360.0;529779.0;al-kholood;al-okhdood club;1.66;1.66;
2026-05-12;194421534;Oman League;Oman;13:20;Schedule;-0.13178294573643412;1.8;2.0, 2.5;2.0;2.0, 2.5;0.0;0.0;;0.0;0.0;0.0;0.0;0.0;;Al Rustaq;14.0;0.0;0.0;3.0;0;0.0;0 - 0;3.2;Ibri Club;13.0;0.0;0.0;2.15;0;0.0;+0.25;0 - 0;0-0;2.25;1.0;-;nan;;;;;;;;;;;;;;;;0.0;0.0;0.0;0.0;;;0.0;0.0;0.0;0.0;;[];[];[];[];[];[];[];[];1.0;0.0;0.0;1.0;0.0;0.0;185570.0;652894.0;al-rustaq;ibri;;;
2026-05-12;194467883;Gambia GFA League;Gambia;13:30;Schedule;-0.15032679738562088;1.925;1.5, 2.0;1.875;1.5, 2.0;0.0;0.0;;0.0;0.0;0.0;0.0;0.0;;Samger FC;;0.0;0.0;3.4;0;0.0;0 - 0;2.7;Real de Banjul;;0.0;0.0;2.25;0;0.0;+0.25;0 - 0;0-0;1.75;0.75;-;nan;;;;;;;;;;;;;;;;0.0;0.0;0.0;0.0;;;0.0;0.0;0.0;0.0;;[];[];[];[];[];[];[];[];1.0;0.0;0.0;1.0;0.0;0.0;;;;;;;
2026-05-12;194413848;Italy Serie B;Italy;13:45;Schedule;0.19841269841269837;2.0;2.0, 2.5;1.8;2.0, 2.5;0.0;0.0;;0.0;0.0;0.0;0.0;0.0;;Modena;6.0;0.0;0.0;2.1;0;0.0;0 - 0;3.2;Juve Stabia;7.0;0.0;0.0;3.6;0;0.0;-0.25;0 - 0;0-0;2.25;0.75;-;nan;;;;;;;;;;;;;;;;0.0;0.0;0.0;0.0;;;0.0;0.0;0.0;0.0;;[];[];[];[];[];[];[];[];1.0;0.0;0.0;1.0;0.0;0.0;2706.0;5324.0;modena fc;juve stabia;;;Youth
2026-05-12;194418524;Uruguay Reserve League;Uruguay;14:00;Schedule;-0.42601092163891596;2.0;3.0;1.8;3.0;0.0;0.0;;0.0;0.0;0.0;0.0;0.0;;Central Espanol Reserves;;0.0;0.0;4.75;0;0.0;0 - 0;4.0;Defensor Sporting Reserves;;0.0;0.0;1.571;0;0.0;+1.0;0 - 0;0-0;3.0;1.25;-;nan;;;;;;;;;;;;;;;;0.0;0.0;0.0;0.0;;;0.0;0.0;0.0;0.0;;[];[];[];[];[];[];[];[];1.0;0.0;0.0;1.0;0.0;0.0;;;;;;;Youth
2026-05-12;194416676;Romania Liga II;Romania;14:00;Schedule;0.007843137254901933;1.85;2.0, 2.5;1.95;2.0, 2.5;0.0;0.0;;0.0;0.0;0.0;0.0;0.0;;FC Voluntari;;0.0;0.0;2.5;0;0.0;0 - 0;3.1;ACS Sepsi;;0.0;0.0;2.55;0;0.0;0.0;0 - 0;0-0;2.25;1.0;-;nan;;;;;;;;;;;;;;;;0.0;0.0;0.0;0.0;;;0.0;0.0;0.0;0.0;;[];[];[];[];[];[];[];[];1.0;0.0;0.0;1.0;0.0;0.0;;;;;;;Youth
2026-05-12;194418535;Sweden Damallsvenskan;Sweden;14:00;Schedule;-0.5664711632453567;1.8;3.0, 3.5;2.0;3.0, 3.5;0.0;0.0;;0.0;0.0;0.0;0.0;0.0;;Djurgardens (W);;0.0;0.0;6.0;0;0.0;0 - 0;4.75;Hammarby (W);;0.0;0.0;1.364;0;0.0;+1.5;0 - 0;0-0;3.25;1.25;-;nan;;;;;;;;;;;;;;;;0.0;0.0;0.0;0.0;;;0.0;0.0;0.0;0.0;;[];[];[];[];[];[];[];[];1.0;0.0;0.0;1.0;0.0;0.0;;1758.0;;hammarby if;;;Women
2026-05-12;194416680;Egypt Division 1;Egypt;14:00;Schedule;0.4155844155844156;1.9;2.0;1.9;2.0;0.0;0.0;;0.0;0.0;0.0;0.0;0.0;;Wadi Degla;9.0;0.0;0.0;1.65;0;0.0;0 - 0;3.2;Ismaily SC;21.0;0.0;0.0;5.25;0;0.0;-0.75;0 - 0;0-0;2.0;0.75;-;nan;;;;;;;;;;;;;;;;0.0;0.0;0.0;0.0;;;0.0;0.0;0.0;0.0;;[];[];[];[];[];[];[];[];1.0;0.0;0.0;1.0;0.0;0.0;43568.0;42366.0;wadi degla sc;ismaily sc;;;
2026-05-12;193320711;Sweden Superettan;Sweden;14:00;Schedule;0.2485380116959064;1.975;2.5, 3.0;1.825;2.5, 3.0;0.0;0.0;;0.0;0.0;0.0;0.0;0.0;;IFK Varnamo;;0.0;0.0;1.9;0;0.0;0 - 0;3.4;Orebro SK;;0.0;0.0;3.6;0;0.0;-0.5;0 - 0;0-0;2.75;1.0;-;nan;;;;;;;;;;;;;;;;0.0;0.0;0.0;0.0;;;0.0;0.0;0.0;0.0;;[];[];[];[];[];[];[];[];1.0;0.0;0.0;1.0;0.0;0.0;1842.0;1768.0;ifk varnamo;orebro sk;;;
2026-05-12;194419867;Argentina Reserve League;Argentina;14:00;Schedule;0.0;1.925;2.0, 2.5;1.875;2.0, 2.5;0.0;0.0;;0.0;0.0;0.0;0.0;0.0;;Central Ballester Reserves;;0.0;0.0;2.5;0;0.0;0 - 0;3.25;Leones de Rosario Reserves;;0.0;0.0;2.5;0;0.0;0.0;0 - 0;0-0;2.25;1.0;-;nan;;;;;;;;;;;;;;;;0.0;0.0;0.0;0.0;;;0.0;0.0;0.0;0.0;;[];[];[];[];[];[];[];[];1.0;0.0;0.0;1.0;0.0;0.0;;;;;;;Youth
2026-05-12;193003419;Spain La Liga;Spain;14:00;Schedule;0.32476857194143144;2.025;2.5, 3.0;1.825;2.5, 3.0;0.0;0.0;;0.0;0.0;0.0;0.0;0.0;;Celta Vigo;6.0;0.0;0.0;1.8;0;0.0;0 - 0;3.9;Levante;19.0;0.0;0.0;4.333;0;0.0;-0.75;0 - 0;0-0;2.75;1.0;-;nan;;;;;;;;;;;;;;;;0.0;0.0;0.0;0.0;;;0.0;0.0;0.0;0.0;;[];[];[];[];[];[];[];[];1.0;0.0;0.0;1.0;0.0;0.0;2821.0;2849.0;rc celta de vigo;levante ud;1.75;1.75;
2026-05-12;193320717;Sweden Superettan;Sweden;14:00;Schedule;0.19696969696969696;1.8;2.5;2.0;2.5;0.0;0.0;;0.0;0.0;0.0;0.0;0.0;;Landskrona;1.0;0.0;0.0;2.0;0;0.0;0 - 0;3.4;Norrby IF;1.0;0.0;0.0;3.3;0;0.0;-0.5;0 - 0;0-0;2.5;1.0;-;nan;;;;;;;;;;;;;;;;0.0;0.0;0.0;0.0;;;0.0;0.0;0.0;0.0;;[];[];[];[];[];[];[];[];1.0;0.0;0.0;1.0;0.0;0.0;1772.0;1849.0;landskrona bois;norrby if;;;
2026-05-12;194418528;Israel Premier League;Israel;14:00;Schedule;0.5707915273132665;1.925;3.0;1.875;3.0;0.0;0.0;;0.0;0.0;0.0;0.0;0.0;;Hapoel Tel Aviv;;0.0;0.0;1.38;0;0.0;0 - 0;4.2;Hapoel Petah Tikva;;0.0;0.0;6.5;0;0.0;-1.25;0 - 0;0-0;3.0;1.25;-;nan;;;;;;;;;;;;;;;;0.0;0.0;0.0;0.0;;;0.0;0.0;0.0;0.0;;[];[];[];[];[];[];[];[];1.0;0.0;0.0;1.0;0.0;0.0;;;;;;;
2026-05-12;193327284;Bulgaria First League;Bulgaria;14:15;Schedule;0.21978021978021972;2.0;2.5;1.8;2.5;0.0;0.0;;0.0;0.0;0.0;0.0;0.0;;Botev Plovdiv;;0.0;0.0;2.1;0;0.0;0 - 0;3.0;Arda Kardzhali;;0.0;0.0;3.9;0;0.0;-0.25;0 - 0;0-0;2.5;1.0;-;nan;;;;;;;;;;;;;;;;0.0;0.0;0.0;0.0;;;0.0;0.0;0.0;0.0;;[];[];[];[];[];[];[];[];1.0;0.0;0.0;1.0;0.0;0.0;5241.0;364786.0;botev plovdiv;fc arda kardzhali;;;
2026-05-12;194421757;South Africa Premier;South Africa;14:30;Schedule;-0.6251875468867217;1.95;2.5;1.85;2.5;0.0;0.0;;0.0;0.0;0.0;0.0;0.0;;TS Galaxy;;0.0;0.0;8.0;0;0.0;0 - 0;4.0;Mamelodi Sundowns;;0.0;0.0;1.333;0;0.0;+1.25;0 - 0;0-0;2.5;1.0;-;nan;;;;;;;;;;;;;;;;0.0;0.0;0.0;0.0;;;0.0;0.0;0.0;0.0;;[];[];[];[];[];[];[];[];1.0;0.0;0.0;1.0;0.0;0.0;475016.0;7665.0;ts galaxy fc;mamelodi sundowns;;;
2026-05-12;194421039;Jordan Cup;Jordan;14:30;Schedule;0.3055555555555556;1.9;2.5;1.9;2.5;0.0;0.0;;0.0;0.0;0.0;0.0;0.0;;Al-Hussein SC;;0.0;0.0;1.8;0;0.0;0 - 0;3.2;Al-Wehdat;;0.0;0.0;4.0;0;0.0;-0.5;0 - 0;0-0;2.5;1.0;-;nan;;;;;;;;;;;;;;;;0.0;0.0;0.0;0.0;;;0.0;0.0;0.0;0.0;;[];[];[];[];[];[];[];[];1.0;0.0;0.0;1.0;0.0;0.0;117204.0;40650.0;al hussein irbid;al wehdat;;;Women
2026-05-12;194424143;Israel Premier League;Israel;14:30;Schedule;-0.012889366272824943;1.95;3.0;1.85;3.0;0.0;0.0;;0.0;0.0;0.0;0.0;0.0;;Beitar Jerusalem;2.0;0.0;0.0;2.45;0;0.0;0 - 0;3.5;Hapoel Beer Sheva;1.0;0.0;0.0;2.375;0;0.0;0.0;0 - 0;0-0;3.0;1.25;-;nan;;;;;;;;;;;;;;;;0.0;0.0;0.0;0.0;;;0.0;0.0;0.0;0.0;;[];[];[];[];[];[];[];[];1.0;0.0;0.0;1.0;0.0;0.0;5204.0;5202.0;beitar jerusalem fc;hapoel be`er sheva fc;;;
2026-05-12;194427022;Finland Kolmonen;Finland;14:30;Schedule;0.35833333333333334;1.95;3.5, 4.0;1.85;3.5, 4.0;0.0;0.0;;0.0;0.0;0.0;0.0;0.0;;SalPa 2;;0.0;0.0;1.6;0;0.0;0 - 0;4.5;PiPS;;0.0;0.0;3.75;0;0.0;-1.0;0 - 0;0-0;3.75;1.5;-;nan;;;;;;;;;;;;;;;;0.0;0.0;0.0;0.0;;;0.0;0.0;0.0;0.0;;[];[];[];[];[];[];[];[];1.0;0.0;0.0;1.0;0.0;0.0;;;;;;;
2026-05-12;194436894;Netherlands Youth Eredivisie;Netherlands;14:30;Schedule;-0.24305555555555558;2.0;4.5;1.8;4.5;0.0;0.0;;0.0;0.0;0.0;0.0;0.0;;NEC U19;;0.0;0.0;3.2;0;0.0;0 - 0;4.1;Ajax U19;;0.0;0.0;1.8;0;0.0;+0.5;0 - 0;0-0;4.5;1.75;-;nan;;;;;;;;;;;;;;;;0.0;0.0;0.0;0.0;;;0.0;0.0;0.0;0.0;;[];[];[];[];[];[];[];[];1.0;0.0;0.0;1.0;0.0;0.0;2962.0;2953.0;nec nijmegen;ajax amsterdam;;;Youth
2026-05-12;194425157;Premier League International Cup;England;15:00;Schedule;0.23284823284823275;2.0;3.0;1.8;3.0;0.0;0.0;;0.0;0.0;0.0;0.0;0.0;;Real Madrid U21;;0.0;0.0;1.85;0;0.0;0 - 0;3.75;Borussia Dortmund U21;;0.0;0.0;3.25;0;0.0;-0.5;0 - 0;0-0;3.0;1.25;-;nan;;;;;;;;;;;;;;;;0.0;0.0;0.0;0.0;;;0.0;0.0;0.0;0.0;;[];[];[];[];[];[];[];[];1.0;0.0;0.0;1.0;0.0;0.0;2829.0;2673.0;real madrid;borussia dortmund;;;Youth
2026-05-12;194419347;Argentina Liga Profesional Reserves;Argentina;15:00;Schedule;0.2271062271062272;1.925;2.0;1.875;2.0;0.0;0.0;;0.0;0.0;0.0;0.0;0.0;;Newell's Reserves;;0.0;0.0;1.95;0;0.0;0 - 0;3.25;Quilmes Reserves;;0.0;0.0;3.5;0;0.0;-0.5;0 - 0;0-0;2.0;0.75;-;nan;;;;;;;;;;;;;;;;0.0;0.0;0.0;0.0;;;0.0;0.0;0.0;0.0;;[];[];[];[];[];[];[];[];1.0;0.0;0.0;1.0;0.0;0.0;;;;;;;Youth
2026-05-12;194421774;Uruguay Reserve League;Uruguay;15:00;Schedule;-0.35744831050352294;2.0;2.5, 3.0;1.8;2.5, 3.0;0.0;0.0;;0.0;0.0;0.0;0.0;0.0;;Colon FC Reserves;;0.0;0.0;4.333;0;0.0;0 - 0;3.5;Liverpool Montevideo Reserves;;0.0;0.0;1.7;0;0.0;+0.75;0 - 0;0-0;2.75;1.0;-;nan;;;;;;;;;;;;;;;;0.0;0.0;0.0;0.0;;;0.0;0.0;0.0;0.0;;[];[];[];[];[];[];[];[];1.0;0.0;0.0;1.0;0.0;0.0;;;;;;;Youth
2026-05-12;194416868;Czechia First League;Czech Republic;15:00;Schedule;0.050682261208576995;1.825;2.5;1.975;2.5;0.0;0.0;;0.0;0.0;0.0;0.0;0.0;;Sparta Prague;;0.0;0.0;2.375;0;0.0;0 - 0;3.3;Viktoria Plzen;;0.0;0.0;2.7;0;0.0;0.0;0 - 0;0-0;2.5;1.0;-;nan;;;;;;;;;;;;;;;;0.0;0.0;0.0;0.0;;;0.0;0.0;0.0;0.0;;[];[];[];[];[];[];[];[];1.0;0.0;0.0;1.0;0.0;0.0;2218.0;4502.0;sparta prague;fc viktoria plzen;;;
2026-05-12;194419343;Argentina Liga Profesional Reserves;Argentina;15:00;Schedule;0.1111111111111111;1.875;2.0;1.925;2.0;0.0;0.0;;0.0;0.0;0.0;0.0;0.0;;Gimnasia LP Reserves;;0.0;0.0;2.25;0;0.0;0 - 0;3.2;Banfield Reserves;;0.0;0.0;3.0;0;0.0;-0.25;0 - 0;0-0;2.0;0.75;-;nan;;;;;;;;;;;;;;;;0.0;0.0;0.0;0.0;;;0.0;0.0;0.0;0.0;;[];[];[];[];[];[];[];[];1.0;0.0;0.0;1.0;0.0;0.0;;;;;;;Youth
2026-05-12;194419349;Argentina Liga Profesional Reserves;Argentina;15:00;Schedule;-0.032051282051282104;1.85;2.0;1.95;2.0;0.0;0.0;;0.0;0.0;0.0;0.0;0.0;;Racing Club Reserves;;0.0;0.0;2.6;0;0.0;0 - 0;3.25;Velez Sarsfield Reserves;;0.0;0.0;2.4;0;0.0;0.0;0 - 0;0-0;2.0;0.75;-;nan;;;;;;;;;;;;;;;;0.0;0.0;0.0;0.0;;;0.0;0.0;0.0;0.0;;[];[];[];[];[];[];[];[];1.0;0.0;0.0;1.0;0.0;0.0;;;;;;;Youth
2026-05-12;193330412;Saudi Arabia Pro League;Saudi Arabia;15:00;Schedule;0.06993006993006995;1.9;3.0, 3.5;1.9;3.0, 3.5;0.0;0.0;;0.0;0.0;0.0;0.0;0.0;;Al-Nassr Riyadh;;0.0;0.0;2.2;0;0.0;0 - 0;3.5;Al Hilal Riyadh;;0.0;0.0;2.6;0;0.0;-0.25;0 - 0;0-0;3.25;1.25;-;nan;;;;;;;;;;;;;;;;0.0;0.0;0.0;0.0;;;0.0;0.0;0.0;0.0;;[];[];[];[];[];[];[];[];1.0;0.0;0.0;1.0;0.0;0.0;23400.0;21895.0;al nassr club;al hilal sfc;1.4;1.4;
2026-05-12;194418543;Argentina Liga Profesional Reserves;Argentina;15:00;Schedule;0.07183908045977011;1.925;2.0, 2.5;1.875;2.0, 2.5;0.0;0.0;;0.0;0.0;0.0;0.0;0.0;;Estudiantes Rio Cuarto Reserves;;0.0;0.0;2.4;0;0.0;0 - 0;3.0;Atletico Rafaela Reserves;;0.0;0.0;2.9;0;0.0;0.0;0 - 0;0-0;2.25;1.0;-;nan;;;;;;;;;;;;;;;;0.0;0.0;0.0;0.0;;;0.0;0.0;0.0;0.0;;[];[];[];[];[];[];[];[];1.0;0.0;0.0;1.0;0.0;0.0;;;;;;;Youth
2026-05-12;193003416;Spain La Liga;Spain;15:00;Schedule;0.4547190556102078;1.85;2.5, 3.0;2.0;2.5, 3.0;0.0;0.0;;0.0;0.0;0.0;0.0;0.0;;Real Betis;5.0;0.0;0.0;1.571;0;0.0;0 - 0;4.2;Elche;17.0;0.0;0.0;5.5;0;0.0;-1.0;0 - 0;0-0;2.75;1.25;-;nan;;;;;;;;;;;;;;;;0.0;0.0;0.0;0.0;;;0.0;0.0;0.0;0.0;;[];[];[];[];[];[];[];[];1.0;0.0;0.0;1.0;0.0;0.0;2816.0;2846.0;real betis seville;elche cf;1.7;1.7;
2026-05-12;194419345;Argentina Liga Profesional Reserves;Argentina;15:00;Schedule;0.2271062271062272;1.9;2.5;1.9;2.5;0.0;0.0;;0.0;0.0;0.0;0.0;0.0;;Defensa y Justicia Reserves;;0.0;0.0;1.95;0;0.0;0 - 0;3.4;Platense Reserves;;0.0;0.0;3.5;0;0.0;-0.5;0 - 0;0-0;2.5;1.0;-;nan;;;;;;;;;;;;;;;;0.0;0.0;0.0;0.0;;;0.0;0.0;0.0;0.0;;[];[];[];[];[];[];[];[];1.0;0.0;0.0;1.0;0.0;0.0;;;;;;;Youth
2026-05-12;194419862;Argentina Reserve League;Argentina;15:00;Schedule;0.34064158781444726;1.95;2.0, 2.5;1.85;2.0, 2.5;0.0;0.0;;0.0;0.0;0.0;0.0;0.0;;CA Claypole Reserves;;0.0;0.0;1.75;0;0.0;0 - 0;3.4;Defensores de Cambaceres Reserves;;0.0;0.0;4.333;0;0.0;-0.75;0 - 0;0-0;2.25;1.0;-;nan;;;;;;;;;;;;;;;;0.0;0.0;0.0;0.0;;;0.0;0.0;0.0;0.0;;[];[];[];[];[];[];[];[];1.0;0.0;0.0;1.0;0.0;0.0;;;;;;;Youth
2026-05-12;194473784;France Ligue 1 Play-Offs;France;15:30;Schedule;0.32903879559930516;2.0;3.0;1.85;3.0;0.0;0.0;;0.0;0.0;0.0;0.0;0.0;;Red Star FC 93;;0.0;0.0;1.727;0;0.0;0 - 0;3.5;Rodez;;0.0;0.0;4.0;0;0.0;-0.75;0 - 0;0-0;3.0;1.25;-;nan;;;;;;;;;;;;;;;;0.0;0.0;0.0;0.0;;;0.0;0.0;0.0;0.0;;[];[];[];[];[];[];[];[];1.0;0.0;0.0;1.0;0.0;0.0;52874.0;6925.0;red star fc;rodez aveyron football;;;
2026-05-12;193332587;Switzerland Super League;Switzerland;15:30;Schedule;0.28239584230625664;1.825;3.0;1.975;3.0;0.0;0.0;;0.0;0.0;0.0;0.0;0.0;;Servette;8.0;0.0;0.0;1.833;0;0.0;0 - 0;3.9;Lausanne Sports;9.0;0.0;0.0;3.8;0;0.0;-0.5;0 - 0;0-0;3.0;1.25;-;nan;;;;;;;;;;;;;;;;0.0;0.0;0.0;0.0;;;0.0;0.0;0.0;0.0;;[];[];[];[];[];[];[];[];1.0;0.0;0.0;1.0;0.0;0.0;2448.0;2446.0;servette geneva;lausanne-sport;;;
2026-05-12;194421776;Uruguay Reserve League;Uruguay;15:30;Schedule;0.14685314685314682;1.775;2.0;2.025;2.0;0.0;0.0;;0.0;0.0;0.0;0.0;0.0;;Penarol Reserves;;0.0;0.0;2.2;0;0.0;0 - 0;3.0;Nacional De Football Reserves;;0.0;0.0;3.25;0;0.0;-0.25;0 - 0;0-0;2.0;0.75;-;nan;;;;;;;;;;;;;;;;0.0;0.0;0.0;0.0;;;0.0;0.0;0.0;0.0;;[];[];[];[];[];[];[];[];1.0;0.0;0.0;1.0;0.0;0.0;;;;;;;Youth
2026-05-12;193332561;Switzerland Super League;Switzerland;15:30;Schedule;0.47619047619047616;1.9;3.5;1.9;3.5;0.0;0.0;;0.0;0.0;0.0;0.0;0.0;;Lucerne;7.0;0.0;0.0;1.5;0;0.0;0 - 0;4.75;FC Zurich;10.0;0.0;0.0;5.25;0;0.0;-1.25;0 - 0;0-0;3.5;1.5;-;nan;;;;;;;;;;;;;;;;0.0;0.0;0.0;0.0;;;0.0;0.0;0.0;0.0;;[];[];[];[];[];[];[];[];1.0;0.0;0.0;1.0;0.0;0.0;2453.0;2450.0;fc luzern;fc zurich;;;
2026-05-12;193332580;Switzerland Super League;Switzerland;15:30;Schedule;0.29914529914529914;2.0;3.0;1.8;3.0;0.0;0.0;;0.0;0.0;0.0;0.0;0.0;;Grasshoppers;11.0;0.0;0.0;1.8;0;0.0;0 - 0;3.9;Winterthur;12.0;0.0;0.0;3.9;0;0.0;-0.5;0 - 0;0-0;3.0;1.25;-;nan;;;;;;;;;;;;;;;;0.0;0.0;0.0;0.0;;;0.0;0.0;0.0;0.0;;[];[];[];[];[];[];[];[];1.0;0.0;0.0;1.0;0.0;0.0;2449.0;2458.0;grasshopper club zurich;fc winterthur;;;
2026-05-12;194421778;Uruguay Reserve League;Uruguay;15:30;Schedule;0.2142857142857143;1.8;3.0;2.0;3.0;0.0;0.0;;0.0;0.0;0.0;0.0;0.0;;Cerro Largo Reserves;;0.0;0.0;2.0;0;0.0;0 - 0;3.3;Boston River Reserves;;0.0;0.0;3.5;0;0.0;-0.5;0 - 0;0-0;3.0;1.25;-;nan;;;;;;;;;;;;;;;;0.0;0.0;0.0;0.0;;;0.0;0.0;0.0;0.0;;[];[];[];[];[];[];[];[];1.0;0.0;0.0;1.0;0.0;0.0;;;;;;;Youth
2026-05-12;194418510;San Marino Campionato;San Marino;15:45;Schedule;-0.5664711632453567;1.975;3.0, 3.5;1.825;3.0, 3.5;0.0;0.0;;0.0;0.0;0.0;0.0;0.0;;SP Domagnano;;0.0;0.0;6.0;0;0.0;0 - 0;4.75;Virtus Acquaviva;;0.0;0.0;1.364;0;0.0;+1.5;0 - 0;0-0;3.25;1.25;-;nan;;;;;;;;;;;;;;;;0.0;0.0;0.0;0.0;;;0.0;0.0;0.0;0.0;;[];[];[];[];[];[];[];[];1.0;0.0;0.0;1.0;0.0;0.0;;;;;;;
2026-05-12;193332149;Scotland Premiership;Scotland;15:45;Schedule;0.2631578947368421;2.025;2.5, 3.0;1.825;2.5, 3.0;0.0;0.0;;0.0;0.0;0.0;0.0;0.0;;Kilmarnock;;0.0;0.0;1.9;0;0.0;0 - 0;3.6;Dundee;;0.0;0.0;3.8;0;0.0;-0.5;0 - 0;0-0;2.75;1.0;-;nan;;;;;;;;;;;;;;;;0.0;0.0;0.0;0.0;;;0.0;0.0;0.0;0.0;;[];[];[];[];[];[];[];[];1.0;0.0;0.0;1.0;0.0;0.0;2347.0;2357.0;kilmarnock fc;dundee fc;1.66;1.66;
2026-05-12;193332139;Scotland Premiership;Scotland;15:45;Schedule;0.348251811985181;1.875;2.5, 3.0;1.975;2.5, 3.0;0.0;0.0;;0.0;0.0;0.0;0.0;0.0;;Dundee Utd;7.0;0.0;0.0;1.727;0;0.0;0 - 0;4.0;Livingston;12.0;0.0;0.0;4.333;0;0.0;-0.75;0 - 0;0-0;2.75;1.25;-;nan;;;;;;;;;;;;;;;;0.0;0.0;0.0;0.0;;;0.0;0.0;0.0;0.0;;[];[];[];[];[];[];[];[];1.0;0.0;0.0;1.0;0.0;0.0;2349.0;2356.0;dundee united;livingston fc;1.7;1.66;
2026-05-12;194418506;San Marino Campionato;San Marino;15:45;Schedule;0.040100250626566414;1.975;2.0, 2.5;1.825;2.0, 2.5;0.0;0.0;;0.0;0.0;0.0;0.0;0.0;;Tre Penne;3.0;0.0;0.0;2.375;0;0.0;0 - 0;3.2;La Fiorita;4.0;0.0;0.0;2.625;0;0.0;0.0;0 - 0;0-0;2.25;1.0;-;nan;;;;;;;;;;;;;;;;0.0;0.0;0.0;0.0;;;0.0;0.0;0.0;0.0;;[];[];[];[];[];[];[];[];1.0;0.0;0.0;1.0;0.0;0.0;;;;;;;
2026-05-12;193332126;Scotland Premiership;Scotland;15:45;Schedule;0.13196480938416422;1.925;2.5;1.925;2.5;0.0;0.0;;0.0;0.0;0.0;0.0;0.0;;Aberdeen;9.0;0.0;0.0;2.2;0;0.0;0 - 0;3.5;St Mirren;10.0;0.0;0.0;3.1;0;0.0;-0.25;0 - 0;0-0;2.5;1.0;-;nan;;;;;;;;;;;;;;;;0.0;0.0;0.0;0.0;;;0.0;0.0;0.0;0.0;;[];[];[];[];[];[];[];[];1.0;0.0;0.0;1.0;0.0;0.0;2355.0;2359.0;aberdeen fc;st mirren fc;1.75;1.75;
2026-05-12;194379201;Scotland League One Play-Offs;Scotland;15:45;Schedule;-0.00816326530612238;1.85;2.5, 3.0;1.95;2.5, 3.0;0.0;0.0;;0.0;0.0;0.0;0.0;0.0;;Clyde;;0.0;0.0;2.5;0;0.0;0 - 0;3.5;Hamilton;;0.0;0.0;2.45;0;0.0;0.0;0 - 0;0-0;2.75;1.25;-;nan;;;;;;;;;;;;;;;;0.0;0.0;0.0;0.0;;;0.0;0.0;0.0;0.0;;[];[];[];[];[];[];[];[];1.0;0.0;0.0;1.0;0.0;0.0;2360.0;2376.0;clyde fc;hamilton academical fc;1.53;1.53;
2026-05-12;194425363;Scotland Premiership Play-Offs;Scotland;15:45;Schedule;-0.044526901669758756;2.0;2.5;1.8;2.5;0.0;0.0;;0.0;0.0;0.0;0.0;0.0;;Dunfermline;;0.0;0.0;2.75;0;0.0;0 - 0;3.4;Partick;;0.0;0.0;2.45;0;0.0;0.0;0 - 0;0-0;2.5;1.0;-;nan;;;;;;;;;;;;;;;;0.0;0.0;0.0;0.0;;;0.0;0.0;0.0;0.0;;[];[];[];[];[];[];[];[];1.0;0.0;0.0;1.0;0.0;0.0;2350.0;2358.0;dunfermline athletic fc;partick thistle fc;;;
2026-05-12;194417393;Algeria Division 1;Algeria;16:00;Schedule;0.12228260869565222;2.0;2.0;1.8;2.0;0.0;0.0;;0.0;0.0;0.0;0.0;0.0;;JS Saoura;2.0;0.0;0.0;2.3;0;0.0;0 - 0;2.75;CR Belouizdad;4.0;0.0;0.0;3.2;0;0.0;-0.25;0 - 0;0-0;2.0;0.75;-;nan;;;;;;;;;;;;;;;;0.0;0.0;0.0;0.0;;;0.0;0.0;0.0;0.0;;[];[];[];[];[];[];[];[];1.0;0.0;0.0;1.0;0.0;0.0;79565.0;42207.0;js saoura;cr belouizdad;;;
2026-05-12;194417430;Republic of Ireland Leinster Senior League;Ireland;16:00;Schedule;0.05454545454545451;1.975;3.5;1.825;3.5;0.0;0.0;;0.0;0.0;0.0;0.0;0.0;;Inchicore Athletic FC;;0.0;0.0;2.2;0;0.0;0 - 0;3.9;Killester Donnycarney FC;;0.0;0.0;2.5;0;0.0;-0.25;0 - 0;0-0;3.5;1.5;-;nan;;;;;;;;;;;;;;;;0.0;0.0;0.0;0.0;;;0.0;0.0;0.0;0.0;;[];[];[];[];[];[];[];[];1.0;0.0;0.0;1.0;0.0;0.0;;;;;;;
2026-05-12;194413850;Italy Serie B;Italy;16:00;Schedule;0.19047619047619047;1.8;2.0, 2.5;2.0;2.0, 2.5;0.0;0.0;;0.0;0.0;0.0;0.0;0.0;;Catanzaro;5.0;0.0;0.0;2.1;0;0.0;0 - 0;3.3;Avellino;8.0;0.0;0.0;3.5;0;0.0;-0.25;0 - 0;0-0;2.25;1.0;-;nan;;;;;;;;;;;;;;;;0.0;0.0;0.0;0.0;;;0.0;0.0;0.0;0.0;;[];[];[];[];[];[];[];[];1.0;0.0;0.0;1.0;0.0;0.0;2796.0;2730.0;us catanzaro;us avellino;;;Youth
2026-05-12;193989627;England Championship;England;16:00;Schedule;0.05102040816326525;1.975;2.5, 3.0;1.875;2.5, 3.0;0.0;0.0;;0.0;0.0;0.0;0.0;0.0;;Southampton;4.0;0.0;0.0;2.45;0;0.0;0 - 0;3.4;Middlesbrough;5.0;0.0;0.0;2.8;0;0.0;0.0;0 - 0;0-0;2.75;1.25;-;nan;;;;;;;;;;;;;;;;0.0;0.0;0.0;0.0;;;0.0;0.0;0.0;0.0;;[];[];[];[];[];[];[];[];1.0;0.0;0.0;1.0;0.0;0.0;45.0;36.0;southampton fc;middlesbrough fc;1.61;1.61;
2026-05-12;193003456;Spain La Liga;Spain;16:30;Schedule;0.05102040816326525;1.85;2.5;2.0;2.5;0.0;0.0;;0.0;0.0;0.0;0.0;0.0;;Osasuna;10.0;0.0;0.0;2.45;0;0.0;0 - 0;3.5;Atletico Madrid;4.0;0.0;0.0;2.8;0;0.0;0.0;0 - 0;0-0;2.5;1.0;-;nan;;;;;;;;;;;;;;;;0.0;0.0;0.0;0.0;;;0.0;0.0;0.0;0.0;;[];[];[];[];[];[];[];[];1.0;0.0;0.0;1.0;0.0;0.0;2820.0;2836.0;ca osasuna;atletico madrid;1.61;1.66;
2026-05-12;194418526;Colombia Primera B;Colombia;18:00;Schedule;0.2966381015161502;1.975;2.5;1.825;2.5;0.0;0.0;;0.0;0.0;0.0;0.0;0.0;;Union Magdalena;;0.0;0.0;1.85;0;0.0;0 - 0;3.5;Real Cartagena;;0.0;0.0;4.1;0;0.0;-0.5;0 - 0;0-0;2.5;1.0;-;nan;;;;;;;;;;;;;;;;0.0;0.0;0.0;0.0;;;0.0;0.0;0.0;0.0;;[];[];[];[];[];[];[];[];1.0;0.0;0.0;1.0;0.0;0.0;;;;;;;Youth
2026-05-12;194420400;Venezuela Primera Division;Venezuela;19:00;Schedule;0.3777089783281734;1.85;2.0, 2.5;1.95;2.0, 2.5;0.0;0.0;;0.0;0.0;0.0;0.0;0.0;;Deportivo Tachira;4.0;0.0;0.0;1.7;0;0.0;0 - 0;3.2;Metropolitanos FC;3.0;0.0;0.0;4.75;0;0.0;-0.75;0 - 0;0-0;2.25;1.0;-;nan;;;;;;;;;;;;;;;;0.0;0.0;0.0;0.0;;;0.0;0.0;0.0;0.0;;[];[];[];[];[];[];[];[];1.0;0.0;0.0;1.0;0.0;0.0;;162480.0;;metropolitanos fc;;;
2026-05-12;194428321;Argentina Liga Profesional;Argentina;19:00;Schedule;0.10897435897435898;1.9;2.0;1.9;2.0;0.0;0.0;;0.0;0.0;0.0;0.0;0.0;;Belgrano;;0.0;0.0;2.4;0;0.0;0 - 0;3.0;Union Santa Fe;;0.0;0.0;3.25;0;0.0;-0.25;0 - 0;0-0;2.0;nan;-;nan;;;;;;;;;;;;;;;;0.0;0.0;0.0;0.0;;;0.0;0.0;0.0;0.0;;[];[];[];[];[];[];[];[];1.0;0.0;0.0;1.0;0.0;0.0;3203.0;3204.0;ca belgrano de cordoba;union de santa fe;2.1;2.1;
2026-05-12;193552743;Copa do Brasil;Brazil;19:30;Schedule;0.6692307692307692;1.95;2.5;1.85;2.5;0.0;0.0;;0.0;0.0;0.0;0.0;0.0;;Internacional;;0.0;0.0;1.3;0;0.0;0 - 0;5.0;Athletic Club MG;;0.0;0.0;10.0;0;0.0;-1.5;0 - 0;0-0;2.5;1.0;-;nan;;;;;;;;;;;;;;;;0.0;0.0;0.0;0.0;;;0.0;0.0;0.0;0.0;;[];[];[];[];[];[];[];[];1.0;0.0;0.0;1.0;0.0;0.0;1966.0;547561.0;sc internacional rs;athletic club sjdr mg;2.25;2.5;
2026-05-12;193192213;Brazil Serie B;Brazil;19:30;Schedule;0.164512338425382;1.95;2.0, 2.5;1.85;2.0, 2.5;0.0;0.0;;0.0;0.0;0.0;0.0;0.0;;Londrina;19.0;0.0;0.0;2.3;0;0.0;0 - 0;2.875;Sao Bernardo;3.0;0.0;0.0;3.7;0;0.0;-0.25;0 - 0;0-0;2.25;1.0;-;nan;;;;;;;;;;;;;;;;0.0;0.0;0.0;0.0;;;0.0;0.0;0.0;0.0;;[];[];[];[];[];[];[];[];1.0;0.0;0.0;1.0;0.0;0.0;2022.0;47504.0;londrina ec pr;sao bernardo fc;2.0;1.83;Youth
2026-05-12;194469400;Venezuela Primera Division;Venezuela;20:30;Schedule;-0.029629629629629672;2.0;2.0, 2.5;1.8;2.0, 2.5;0.0;0.0;;0.0;0.0;0.0;0.0;0.0;;UCV;1.0;0.0;0.0;2.7;0;0.0;0 - 0;2.875;Deportivo La Guaira;2.0;0.0;0.0;2.5;0;0.0;0.0;0 - 0;0-0;2.25;0.75;-;nan;;;;;;;;;;;;;;;;0.0;0.0;0.0;0.0;;;0.0;0.0;0.0;0.0;;[];[];[];[];[];[];[];[];1.0;0.0;0.0;1.0;0.0;0.0;324069.0;36437.0;ucv fc;deportivo la guaira;;;
2026-05-12;194067566;Argentina Cup;Argentina;21:00;Schedule;0.3147667534289746;1.775;1.5, 2.0;2.025;1.5, 2.0;0.0;0.0;;0.0;0.0;0.0;0.0;0.0;;Platense;;0.0;0.0;1.833;0;0.0;0 - 0;3.5;San Martin SJ;;0.0;0.0;4.333;0;0.0;-0.5;0 - 0;0-0;1.75;0.75;-;nan;;;;;;;;;;;;;;;;0.0;0.0;0.0;0.0;;;0.0;0.0;0.0;0.0;;[];[];[];[];[];[];[];[];1.0;0.0;0.0;1.0;0.0;0.0;36837.0;7772.0;ca platense;san martin de san juan;;;
2026-05-12;193326633;Argentina Nacional B;Argentina;21:10;Schedule;0.2343292954556433;1.9;1.5, 2.0;1.9;1.5, 2.0;0.0;0.0;;0.0;0.0;0.0;0.0;0.0;;San Martin de Tucuman;;0.0;0.0;2.15;0;0.0;0 - 0;2.7;Gimnasia Jujuy;;0.0;0.0;4.333;0;0.0;-0.25;0 - 0;0-0;1.75;0.75;-;nan;;;;;;;;;;;;;;;;0.0;0.0;0.0;0.0;;;0.0;0.0;0.0;0.0;;[];[];[];[];[];[];[];[];1.0;0.0;0.0;1.0;0.0;0.0;23950.0;5292.0;san martin de tucuman;gimnasia y esgrima de jujuy;;;Youth
2026-05-12;194405729;Argentina Liga Profesional;Argentina;21:30;Schedule;0.37373737373737376;2.0;2.0;1.8;2.0;0.0;0.0;;0.0;0.0;0.0;0.0;0.0;;Argentinos Jrs;;0.0;0.0;1.8;0;0.0;0 - 0;3.1;Huracan;;0.0;0.0;5.5;0;0.0;-0.5;0 - 0;0-0;2.0;0.75;-;nan;;;;;;;;;;;;;;;;0.0;0.0;0.0;0.0;;;0.0;0.0;0.0;0.0;;[];[];[];[];[];[];[];[];1.0;0.0;0.0;1.0;0.0;0.0;3216.0;7629.0;argentinos juniors;ca huracan;;;
2026-05-12;193552770;Copa do Brasil;Brazil;21:30;Schedule;0.5892857142857143;2.0;2.5;1.8;2.5;0.0;0.0;;0.0;0.0;0.0;0.0;0.0;;Fluminense;;0.0;0.0;1.4;0;0.0;0 - 0;4.5;Operario PR;;0.0;0.0;8.0;0;0.0;-1.25;0 - 0;0-0;2.5;1.0;-;nan;;;;;;;;;;;;;;;;0.0;0.0;0.0;0.0;;;0.0;0.0;0.0;0.0;;[];[];[];[];[];[];[];[];1.0;0.0;0.0;1.0;0.0;0.0;1961.0;39634.0;fluminense fc rj;operario ferroviario ec pr;;;
2026-05-12;193552748;Copa do Brasil;Brazil;21:30;Schedule;0.5613682092555332;2.025;2.5;1.775;2.5;0.0;0.0;;0.0;0.0;0.0;0.0;0.0;;Cruzeiro;;0.0;0.0;1.42;0;0.0;0 - 0;4.5;Goias;;0.0;0.0;7.0;0;0.0;-1.25;0 - 0;0-0;2.5;1.0;-;nan;;;;;;;;;;;;;;;;0.0;0.0;0.0;0.0;;;0.0;0.0;0.0;0.0;;[];[];[];[];[];[];[];[];1.0;0.0;0.0;1.0;0.0;0.0;1954.0;1960.0;cruzeiro ec mg;goias ec go;;;
